TRAINING,sto-home-objectDect/images/1025.jpg,window,0.051139864448552064,0.5065075921908894,,,0.17375231053604437,0.6420824295010846,,
TRAINING,sto-home-objectDect/images/1025.jpg,window,0.203943314849045,0.5,,,0.3179297597042514,0.6453362255965293,,
TRAINING,sto-home-objectDect/images/1025.jpg,window,0.34627233518176215,0.5075921908893709,,,0.46642020948860136,0.6420824295010846,,
TRAINING,sto-home-objectDect/images/1025.jpg,window,0.5551447935921133,0.5151843817787418,,,0.6703635243376463,0.6464208242950108,,
TRAINING,sto-home-objectDect/images/1025.jpg,window,0.7017868145409735,0.5119305856832972,,,0.8133086876155268,0.6496746203904555,,
TRAINING,sto-home-objectDect/images/1025.jpg,window,0.8453481207640172,0.5151843817787418,,,0.9550215650030807,0.6496746203904555,,
TRAINING,sto-home-objectDect/images/1025.jpg,window,0.16820702402957485,0.2874186550976139,,,0.33518176216882317,0.4164859002169197,,
VALIDATION,sto-home-objectDect/images/1025.jpg,window,0.05483672211953173,0.7299349240780911,,,0.16759088108441159,0.9056399132321041,,
VALIDATION,sto-home-objectDect/images/1025.jpg,window,0.2033271719038817,0.7342733188720173,,,0.31608133086876156,0.9099783080260304,,
TEST,sto-home-objectDect/images/1025.jpg,window,0.35181762168823166,0.735357917570499,,,0.4651879235982748,0.9121475054229935,,
TRAINING,sto-home-objectDect/images/1025.jpg,window,0.5606900800985829,0.737527114967462,,,0.6728280961182994,0.9121475054229935,,
TRAINING,sto-home-objectDect/images/2060.jpg,window,0.3232876712328767,0.06085526315789474,,,0.4547945205479452,0.23848684210526316,,
TRAINING,sto-home-objectDect/images/2060.jpg,window,0.5342465753424658,0.05921052631578947,,,0.6691780821917809,0.24095394736842105,,
TRAINING,sto-home-objectDect/images/2060.jpg,window,0.19794520547945205,0.37417763157894735,,,0.3198630136986301,0.5929276315789473,,
TRAINING,sto-home-objectDect/images/2060.jpg,window,0.6691780821917809,0.3717105263157895,,,0.8027397260273973,0.5921052631578947,,
TRAINING,sto-home-objectDect/images/2060.jpg,window,0.17123287671232876,0.7072368421052632,,,0.3445205479452055,0.9226973684210527,,
TRAINING,sto-home-objectDect/images/2060.jpg,window,0.6691780821917809,0.7072368421052632,,,0.7958904109589041,0.9210526315789473,,
VALIDATION,sto-home-objectDect/images/1232.jpg,window,0.4411452810180276,0.0542907180385289,,,0.5334040296924708,0.1646234676007005,,
VALIDATION,sto-home-objectDect/images/1232.jpg,window,0.41039236479321317,0.27408056042031526,,,0.5779427359490986,0.404553415061296,,
TEST,sto-home-objectDect/images/1232.jpg,window,0.704135737009544,0.5148861646234676,,,0.8123011664899258,0.6252189141856392,,
TRAINING,sto-home-objectDect/images/1232.jpg,window,0.7083775185577943,0.7119089316987741,,,0.8144220572640509,0.8345008756567426,,
TRAINING,sto-home-objectDect/images/1026.jpg,window,0.12824675324675325,0.44329896907216493,,,0.3116883116883117,0.6030927835051546,,
TRAINING,sto-home-objectDect/images/1026.jpg,window,0.4082792207792208,0.44948453608247424,,,0.5998376623376623,0.6,,
TRAINING,sto-home-objectDect/images/1026.jpg,window,0.6907467532467533,0.4484536082474227,,,0.877435064935065,0.6041237113402061,,
TRAINING,sto-home-objectDect/images/1026.jpg,window,0.6956168831168831,0.7061855670103093,,,0.8709415584415584,0.9061855670103093,,
TRAINING,sto-home-objectDect/images/1026.jpg,window,0.411525974025974,0.7061855670103093,,,0.5892857142857143,0.9051546391752577,,
TRAINING,sto-home-objectDect/images/1026.jpg,window,0.12987012987012986,0.7010309278350515,,,0.3027597402597403,0.9,,
VALIDATION,sto-home-objectDect/images/1026.jpg,window,0.40584415584415584,0.1670103092783505,,,0.5909090909090909,0.3185567010309278,,
VALIDATION,sto-home-objectDect/images/1027.jpg,window,0.08958837772397095,0.4471635150166852,,,0.19915254237288135,0.6006674082313682,,
TEST,sto-home-objectDect/images/1027.jpg,window,0.08777239709443099,0.7163515016685206,,,0.20520581113801453,0.8943270300333704,,
TRAINING,sto-home-objectDect/images/1027.jpg,window,0.28329297820823246,0.7274749721913237,,,0.3922518159806295,0.8598442714126807,,
TRAINING,sto-home-objectDect/images/1027.jpg,window,0.28026634382566584,0.4560622914349277,,,0.39588377723970947,0.6051167964404894,,
TRAINING,sto-home-objectDect/images/1027.jpg,window,0.6434624697336562,0.7352614015572859,,,0.7608958837772397,0.8687430478309233,,
TRAINING,sto-home-objectDect/images/1027.jpg,window,0.6446731234866828,0.4961067853170189,,,0.7433414043583535,0.625139043381535,,
TRAINING,sto-home-objectDect/images/1027.jpg,window,0.898910411622276,0.4983314794215795,,,0.9400726392251816,0.575083426028921,,
TRAINING,sto-home-objectDect/images/1027.jpg,door,0.3922518159806295,0.7230255839822024,,,0.463680387409201,0.985539488320356,,
TRAINING,sto-home-objectDect/images/1027.jpg,door,0.7088377723970944,0.17130144605116795,,,0.7784503631961259,0.43159065628476084,,
VALIDATION,sto-home-objectDect/images/1153.jpg,window,0.13745454545454547,0.37636761487964987,,,0.26545454545454544,0.5547045951859956,,
VALIDATION,sto-home-objectDect/images/1153.jpg,window,0.12872727272727272,0.7144420131291028,,,0.2596363636363636,0.8851203501094091,,
TEST,sto-home-objectDect/images/1153.jpg,window,0.4269090909090909,0.7221006564551422,,,0.56,0.8905908096280087,,
TRAINING,sto-home-objectDect/images/1153.jpg,window,0.4334545454545455,0.3730853391684901,,,0.5672727272727273,0.5547045951859956,,
TRAINING,sto-home-objectDect/images/1153.jpg,window,0.48145454545454547,0.16630196936542668,,,0.5265454545454545,0.23194748358862144,,
TRAINING,sto-home-objectDect/images/1153.jpg,window,0.7141818181818181,0.3741794310722101,,,0.8967272727272727,0.5568927789934355,,
TRAINING,sto-home-objectDect/images/1153.jpg,window,0.7258181818181818,0.7242888402625821,,,0.864,0.8840262582056893,,
TRAINING,sto-home-objectDect/images/158.jpg,window,0.18089430894308944,0.4627720504009164,,,0.29200542005420055,0.7353951890034365,,
TRAINING,sto-home-objectDect/images/158.jpg,window,0.27168021680216803,0.07216494845360824,,,0.37466124661246614,0.32531500572737687,,
TRAINING,sto-home-objectDect/images/158.jpg,window,0.4451219512195122,0.07560137457044673,,,0.5494579945799458,0.32760595647193586,,
VALIDATION,sto-home-objectDect/images/158.jpg,window,0.6219512195121951,0.07560137457044673,,,0.7249322493224932,0.32646048109965636,,
VALIDATION,sto-home-objectDect/images/158.jpg,window,0.44037940379403795,0.46048109965635736,,,0.5548780487804879,0.7342497136311569,,
TEST,sto-home-objectDect/images/158.jpg,window,0.7018970189701897,0.4650630011454754,,,0.8150406504065041,0.738831615120275,,
TRAINING,sto-home-objectDect/images/1632.jpg,window,0.08210180623973727,0.030837004405286344,,,0.1896551724137931,0.22356828193832598,,
TRAINING,sto-home-objectDect/images/1632.jpg,window,0.2660098522167488,0.039647577092511016,,,0.37110016420361247,0.22246696035242292,,
TRAINING,sto-home-objectDect/images/1632.jpg,window,0.44745484400656815,0.039647577092511016,,,0.5574712643678161,0.22466960352422907,,
TRAINING,sto-home-objectDect/images/1632.jpg,window,0.6305418719211823,0.039647577092511016,,,0.7331691297208539,0.22136563876651982,,
TRAINING,sto-home-objectDect/images/1632.jpg,window,0.812807881773399,0.04515418502202643,,,0.9137931034482759,0.22356828193832598,,
TRAINING,sto-home-objectDect/images/1632.jpg,window,0.08949096880131363,0.3524229074889868,,,0.1896551724137931,0.525330396475771,,
TRAINING,sto-home-objectDect/images/1632.jpg,window,0.27011494252873564,0.3535242290748899,,,0.3702791461412151,0.5275330396475771,,
VALIDATION,sto-home-objectDect/images/1632.jpg,window,0.4482758620689655,0.3502202643171806,,,0.5525451559934319,0.5286343612334802,,
VALIDATION,sto-home-objectDect/images/1632.jpg,window,0.6330049261083743,0.3535242290748899,,,0.7323481116584565,0.5319383259911894,,
TEST,sto-home-objectDect/images/1632.jpg,window,0.8119868637110016,0.34801762114537443,,,0.9178981937602627,0.5297356828193832,,
TRAINING,sto-home-objectDect/images/1632.jpg,window,0.0812807881773399,0.683920704845815,,,0.18472906403940886,0.8711453744493393,,
TRAINING,sto-home-objectDect/images/1632.jpg,window,0.2627257799671593,0.6883259911894273,,,0.3645320197044335,0.8722466960352423,,
TRAINING,sto-home-objectDect/images/1632.jpg,window,0.44745484400656815,0.6905286343612335,,,0.5443349753694581,0.8689427312775331,,
TRAINING,sto-home-objectDect/images/1632.jpg,window,0.6239737274220033,0.6927312775330396,,,0.7266009852216748,0.8689427312775331,,
TRAINING,sto-home-objectDect/images/1632.jpg,door,0.8472906403940886,0.683920704845815,,,0.9458128078817734,0.960352422907489,,
TRAINING,sto-home-objectDect/images/1140.jpg,window,0.13293051359516617,0.018789144050104383,,,0.25176233635448136,0.12943632567849686,,
TRAINING,sto-home-objectDect/images/1140.jpg,window,0.3403826787512588,0.029227557411273485,,,0.4521651560926485,0.12943632567849686,,
VALIDATION,sto-home-objectDect/images/1140.jpg,window,0.5427995971802618,0.027139874739039668,,,0.6565961732124874,0.12630480167014613,,
VALIDATION,sto-home-objectDect/images/1140.jpg,window,0.13695871097683787,0.22964509394572025,,,0.24874118831822759,0.33611691022964507,,
TEST,sto-home-objectDect/images/1140.jpg,window,0.338368580060423,0.22860125260960334,,,0.4521651560926485,0.33507306889352817,,
TRAINING,sto-home-objectDect/images/1140.jpg,window,0.5458207452165156,0.23173277661795408,,,0.6555891238670695,0.33611691022964507,,
TRAINING,sto-home-objectDect/images/1140.jpg,window,0.13695871097683787,0.4363256784968685,,,0.24773413897280966,0.5375782881002088,,
TRAINING,sto-home-objectDect/images/1140.jpg,window,0.338368580060423,0.4373695198329854,,,0.45317220543806647,0.5407098121085595,,
TRAINING,sto-home-objectDect/images/1140.jpg,window,0.5427995971802618,0.4384133611691023,,,0.6586102719033232,0.5438413361169102,,
TRAINING,sto-home-objectDect/images/1140.jpg,window,0.13695871097683787,0.6430062630480167,,,0.2497482376636455,0.7505219206680585,,
TRAINING,sto-home-objectDect/images/1140.jpg,window,0.3413897280966767,0.6440501043841336,,,0.4521651560926485,0.7505219206680585,,
TRAINING,sto-home-objectDect/images/1140.jpg,window,0.5427995971802618,0.6461377870563675,,,0.6576032225579054,0.7432150313152401,,
VALIDATION,sto-home-objectDect/images/1140.jpg,window,0.14602215508559918,0.8538622129436325,,,0.20745216515609266,0.8987473903966597,,
VALIDATION,sto-home-objectDect/images/1169.jpg,window,0.1222366710013004,0.37917222963951935,,,0.2951885565669701,0.5727636849132176,,
TEST,sto-home-objectDect/images/1169.jpg,window,0.18985695708712613,0.7236315086782377,,,0.2717815344603381,0.8518024032042724,,
TRAINING,sto-home-objectDect/images/1169.jpg,window,0.47074122236671,0.3978638184245661,,,0.5331599479843954,0.5380507343124166,,
TRAINING,sto-home-objectDect/images/1169.jpg,window,0.46033810143042914,0.042723631508678236,,,0.5435630689206762,0.1909212283044059,,
TRAINING,sto-home-objectDect/images/1169.jpg,window,0.7243172951885566,0.04806408544726302,,,0.8595578673602081,0.1909212283044059,,
TRAINING,sto-home-objectDect/images/1169.jpg,window,0.7113133940182055,0.38050734312416556,,,0.8751625487646294,0.5740987983978638,,
TRAINING,sto-home-objectDect/images/1287.jpg,window,0.07251908396946564,0.15419847328244274,,,0.22709923664122136,0.28396946564885495,,
TRAINING,sto-home-objectDect/images/1287.jpg,window,0.41030534351145037,0.14961832061068703,,,0.5610687022900763,0.27938931297709924,,
TRAINING,sto-home-objectDect/images/1287.jpg,window,0.7480916030534351,0.1465648854961832,,,0.9064885496183206,0.2748091603053435,,
VALIDATION,sto-home-objectDect/images/1287.jpg,window,0.0648854961832061,0.40458015267175573,,,0.22900763358778625,0.5358778625954198,,
VALIDATION,sto-home-objectDect/images/1287.jpg,window,0.41030534351145037,0.4015267175572519,,,0.5725190839694656,0.5312977099236641,,
TEST,sto-home-objectDect/images/1287.jpg,window,0.75,0.3969465648854962,,,0.9179389312977099,0.5251908396946565,,
TRAINING,sto-home-objectDect/images/1287.jpg,window,0.06870229007633588,0.6549618320610687,,,0.22709923664122136,0.7908396946564885,,
TRAINING,sto-home-objectDect/images/1287.jpg,window,0.41412213740458015,0.6519083969465649,,,0.5782442748091603,0.7847328244274809,,
TRAINING,sto-home-objectDect/images/1287.jpg,window,0.7595419847328244,0.6473282442748092,,,0.9236641221374046,0.7755725190839695,,
TRAINING,sto-home-objectDect/images/1287.jpg,window,0.08396946564885496,0.9007633587786259,,,0.20419847328244276,0.9801526717557252,,
TRAINING,sto-home-objectDect/images/1287.jpg,window,0.4351145038167939,0.8931297709923665,,,0.5572519083969466,0.9648854961832061,,
TRAINING,sto-home-objectDect/images/1279.jpg,window,0.40992167101827676,0.14150943396226415,,,0.6109660574412533,0.2679245283018868,,
TRAINING,sto-home-objectDect/images/1279.jpg,window,0.4151436031331593,0.4075471698113208,,,0.6135770234986945,0.5283018867924528,,
VALIDATION,sto-home-objectDect/images/1279.jpg,window,0.4151436031331593,0.6679245283018868,,,0.6161879895561357,0.7830188679245284,,
VALIDATION,sto-home-objectDect/images/1279.jpg,window,0.804177545691906,0.1471698113207547,,,0.97911227154047,0.27169811320754716,,
TEST,sto-home-objectDect/images/1279.jpg,window,0.804177545691906,0.41132075471698115,,,0.9765013054830287,0.5320754716981132,,
TRAINING,sto-home-objectDect/images/1279.jpg,window,0.804177545691906,0.6679245283018868,,,0.9765013054830287,0.7905660377358491,,
TRAINING,sto-home-objectDect/images/1279.jpg,window,0.814621409921671,0.909433962264151,,,0.9503916449086162,0.9886792452830189,,
TRAINING,sto-home-objectDect/images/2176.jpg,window,0.018544935805991442,0.06965174129353234,,,0.06847360912981455,0.18076285240464346,,
TRAINING,sto-home-objectDect/images/2176.jpg,window,0.1768901569186876,0.06467661691542288,,,0.30385164051355207,0.22719734660033167,,
TRAINING,sto-home-objectDect/images/2176.jpg,window,0.44650499286733236,0.06467661691542288,,,0.5734664764621968,0.22719734660033167,,
TRAINING,sto-home-objectDect/images/2176.jpg,window,0.7004279600570613,0.06965174129353234,,,0.8801711840228246,0.22885572139303484,,
TRAINING,sto-home-objectDect/images/2176.jpg,window,0.017118402282453638,0.34991708126036486,,,0.07417974322396577,0.4693200663349917,,
VALIDATION,sto-home-objectDect/images/2176.jpg,window,0.1754636233951498,0.3449419568822554,,,0.3067047075606277,0.5074626865671642,,
VALIDATION,sto-home-objectDect/images/2176.jpg,window,0.4450784593437946,0.3449419568822554,,,0.579172610556348,0.5058043117744611,,
TEST,sto-home-objectDect/images/2176.jpg,window,0.7004279600570613,0.34991708126036486,,,0.8873038516405135,0.5058043117744611,,
TRAINING,sto-home-objectDect/images/2176.jpg,window,0.019971469329529243,0.6351575456053068,,,0.07275320970042796,0.7529021558872305,,
TRAINING,sto-home-objectDect/images/2176.jpg,window,0.17403708987161198,0.6318407960199005,,,0.30385164051355207,0.7960199004975125,,
TRAINING,sto-home-objectDect/images/2176.jpg,window,0.4450784593437946,0.6318407960199005,,,0.5763195435092725,0.7927031509121062,,
TRAINING,sto-home-objectDect/images/2176.jpg,window,0.6990014265335235,0.6351575456053068,,,0.8873038516405135,0.7943615257048093,,
TRAINING,sto-home-objectDect/images/2176.jpg,window,0.1754636233951498,0.9203980099502488,,,0.28815977175463625,0.9834162520729685,,
TRAINING,sto-home-objectDect/images/2176.jpg,window,0.4864479315263909,0.9237147595356551,,,0.5463623395149786,0.978441127694859,,
TRAINING,sto-home-objectDect/images/1319.jpg,window,0.15661252900232017,0.3422818791946309,,,0.2633410672853828,0.4773489932885906,,
VALIDATION,sto-home-objectDect/images/1319.jpg,window,0.4025522041763341,0.34731543624161076,,,0.58584686774942,0.48322147651006714,,
VALIDATION,sto-home-objectDect/images/1319.jpg,window,0.7180974477958236,0.3447986577181208,,,0.8329466357308585,0.48070469798657717,,
TEST,sto-home-objectDect/images/1319.jpg,window,0.17053364269141533,0.5587248322147651,,,0.27726218097447797,0.6870805369127517,,
TRAINING,sto-home-objectDect/images/1319.jpg,window,0.4025522041763341,0.5587248322147651,,,0.6009280742459396,0.6912751677852349,,
TRAINING,sto-home-objectDect/images/1319.jpg,window,0.7169373549883991,0.5604026845637584,,,0.839907192575406,0.6895973154362416,,
TRAINING,sto-home-objectDect/images/1319.jpg,window,0.16241299303944315,0.7760067114093959,,,0.2691415313225058,0.915268456375839,,
TRAINING,sto-home-objectDect/images/1319.jpg,window,0.39791183294663574,0.7760067114093959,,,0.5939675174013921,0.9135906040268457,,
TRAINING,sto-home-objectDect/images/1319.jpg,window,0.7296983758700696,0.7768456375838926,,,0.8259860788863109,0.9110738255033557,,
TRAINING,sto-home-objectDect/images/1319.jpg,window,0.4048723897911833,0.15100671140939598,,,0.58584686774942,0.27768456375838924,,
TRAINING,sto-home-objectDect/images/1290.jpg,window,0.40643863179074446,0.11141678129298486,,,0.5975855130784709,0.2063273727647868,,
VALIDATION,sto-home-objectDect/images/1290.jpg,window,0.24346076458752516,0.29298486932599727,,,0.39235412474849096,0.390646492434663,,
VALIDATION,sto-home-objectDect/images/1290.jpg,window,0.24748490945674045,0.48005502063273725,,,0.39235412474849096,0.5763411279229711,,
TEST,sto-home-objectDect/images/1290.jpg,window,0.23742454728370221,0.6602475928473177,,,0.3983903420523139,0.7579092159559835,,
TRAINING,sto-home-objectDect/images/1290.jpg,window,0.647887323943662,0.2998624484181568,,,0.8028169014084507,0.39752407152682256,,
TRAINING,sto-home-objectDect/images/1290.jpg,window,0.647887323943662,0.4814305364511692,,,0.8008048289738431,0.5777166437414031,,
TRAINING,sto-home-objectDect/images/1290.jpg,window,0.6498993963782697,0.6629986244841816,,,0.8008048289738431,0.7620357634112792,,
TRAINING,sto-home-objectDect/images/1290.jpg,window,0.6720321931589537,0.8390646492434664,,,0.7847082494969819,0.8968363136176066,,
TRAINING,sto-home-objectDect/images/1290.jpg,door,0.35412474849094566,0.8335625859697386,,,0.47283702213279677,0.9078404401650619,,
TRAINING,sto-home-objectDect/images/1284.jpg,window,0.19249592169657423,0.3126491646778043,,,0.35073409461663946,0.41766109785202865,,
TRAINING,sto-home-objectDect/images/1284.jpg,window,0.19249592169657423,0.5011933174224343,,,0.3474714518760196,0.5954653937947494,,
VALIDATION,sto-home-objectDect/images/1284.jpg,window,0.19412724306688417,0.6825775656324582,,,0.34910277324632955,0.7816229116945107,,
VALIDATION,sto-home-objectDect/images/1284.jpg,window,0.399673735725938,0.13007159904534607,,,0.5954323001631321,0.22792362768496421,,
TEST,sto-home-objectDect/images/1284.jpg,window,0.6035889070146819,0.31742243436754175,,,0.7504078303425775,0.41766109785202865,,
TRAINING,sto-home-objectDect/images/1284.jpg,window,0.598694942903752,0.5023866348448688,,,0.7471451876019576,0.5978520286396182,,
TRAINING,sto-home-objectDect/images/1284.jpg,window,0.6035889070146819,0.6861575178997613,,,0.7422512234910277,0.7828162291169452,,
TRAINING,sto-home-objectDect/images/1322.jpg,window,0.43522833178005593,0.027114967462039046,,,0.5647716682199441,0.20607375271149675,,
TRAINING,sto-home-objectDect/images/1322.jpg,window,0.43988816402609504,0.324295010845987,,,0.5638397017707363,0.5086767895878525,,
TRAINING,sto-home-objectDect/images/1322.jpg,window,0.4408201304753029,0.6236442516268981,,,0.5657036346691519,0.8036876355748374,,
TRAINING,sto-home-objectDect/images/1322.jpg,window,0.7269338303821062,0.027114967462039046,,,0.8387698042870456,0.2039045553145336,,
TRAINING,sto-home-objectDect/images/1322.jpg,window,0.7297297297297297,0.32212581344902386,,,0.8331780055917987,0.49783080260303686,,
VALIDATION,sto-home-objectDect/images/1322.jpg,window,0.7297297297297297,0.6171366594360087,,,0.8341099720410066,0.7917570498915402,,
VALIDATION,sto-home-objectDect/images/1322.jpg,window,0.47530288909599255,0.911062906724512,,,0.5302889095992545,0.982646420824295,,
TEST,sto-home-objectDect/images/1322.jpg,window,0.1929170549860205,0.9219088937093276,,,0.2320596458527493,0.955531453362256,,
TRAINING,sto-home-objectDect/images/1322.jpg,door,0.750232991612302,0.903470715835141,,,0.8303821062441752,0.9989154013015185,,
TRAINING,sto-home-objectDect/images/1281.jpg,window,0.2484472049689441,0.029213483146067417,,,0.7515527950310559,0.1752808988764045,,
TRAINING,sto-home-objectDect/images/1281.jpg,window,0.2360248447204969,0.27415730337078653,,,0.7515527950310559,0.4067415730337079,,
TRAINING,sto-home-objectDect/images/1281.jpg,window,0.2236024844720497,0.5168539325842697,,,0.7453416149068323,0.6494382022471911,,
TRAINING,sto-home-objectDect/images/1281.jpg,door,0.09937888198757763,0.7820224719101123,,,0.45962732919254656,0.9168539325842696,,
TRAINING,sto-home-objectDect/images/1323.jpg,window,0.18949771689497716,0.1679160419790105,,,0.2237442922374429,0.3058470764617691,,
TRAINING,sto-home-objectDect/images/1323.jpg,window,0.18949771689497716,0.41829085457271364,,,0.22146118721461186,0.553223388305847,,
VALIDATION,sto-home-objectDect/images/1323.jpg,window,0.18949771689497716,0.6686656671664168,,,0.22031963470319635,0.8035982008995503,,
VALIDATION,sto-home-objectDect/images/1323.jpg,window,0.1541095890410959,0.8995502248875562,,,0.22146118721461186,0.9655172413793104,,
TEST,sto-home-objectDect/images/1323.jpg,window,0.365296803652968,0.1724137931034483,,,0.4029680365296804,0.25787106446776614,,
TRAINING,sto-home-objectDect/images/1323.jpg,window,0.3641552511415525,0.42278860569715143,,,0.4006849315068493,0.5097451274362819,,
TRAINING,sto-home-objectDect/images/1323.jpg,window,0.3664383561643836,0.6701649175412294,,,0.3984018264840183,0.7586206896551724,,
TRAINING,sto-home-objectDect/images/1323.jpg,window,0.4554794520547945,0.10644677661169415,,,0.5376712328767124,0.20539730134932535,,
TRAINING,sto-home-objectDect/images/1323.jpg,window,0.4554794520547945,0.2908545727136432,,,0.5376712328767124,0.4332833583208396,,
TRAINING,sto-home-objectDect/images/1323.jpg,window,0.4577625570776256,0.545727136431784,,,0.5365296803652968,0.679160419790105,,
TRAINING,sto-home-objectDect/images/1323.jpg,window,0.5981735159817352,0.17691154422788605,,,0.6381278538812786,0.2638680659670165,,
TRAINING,sto-home-objectDect/images/1323.jpg,window,0.5970319634703196,0.4287856071964018,,,0.6358447488584474,0.512743628185907,,
VALIDATION,sto-home-objectDect/images/1323.jpg,window,0.5958904109589042,0.6761619190404797,,,0.6312785388127854,0.7586206896551724,,
VALIDATION,sto-home-objectDect/images/1323.jpg,window,0.7842465753424658,0.17991004497751126,,,0.8139269406392694,0.3148425787106447,,
TEST,sto-home-objectDect/images/1323.jpg,window,0.7853881278538812,0.431784107946027,,,0.8139269406392694,0.5652173913043478,,
TRAINING,sto-home-objectDect/images/1323.jpg,window,0.7831050228310502,0.6806596701649176,,,0.8127853881278538,0.8110944527736131,,
TRAINING,sto-home-objectDect/images/1323.jpg,window,0.7888127853881278,0.9055472263868066,,,0.839041095890411,0.9790104947526237,,
TRAINING,sto-home-objectDect/images/1323.jpg,door,0.454337899543379,0.7916041979010495,,,0.5422374429223744,0.9760119940029985,,
TRAINING,sto-home-objectDect/images/1321.jpg,window,0.1225071225071225,0.3168724279835391,,,0.2060778727445394,0.4567901234567901,,
TRAINING,sto-home-objectDect/images/1321.jpg,window,0.3504273504273504,0.30864197530864196,,,0.4539411206077873,0.45164609053497945,,
TRAINING,sto-home-objectDect/images/1321.jpg,window,0.5906932573599241,0.30864197530864196,,,0.6894586894586895,0.4434156378600823,,
TRAINING,sto-home-objectDect/images/1321.jpg,window,0.8100664767331434,0.3045267489711934,,,0.8917378917378918,0.43930041152263377,,
VALIDATION,sto-home-objectDect/images/1321.jpg,window,0.466286799620133,0.11625514403292181,,,0.5716999050332384,0.2273662551440329,,
VALIDATION,sto-home-objectDect/images/1321.jpg,window,0.12060778727445394,0.5421810699588477,,,0.2060778727445394,0.6800411522633745,,
TEST,sto-home-objectDect/images/1321.jpg,window,0.352326685660019,0.5360082304526749,,,0.452991452991453,0.6697530864197531,,
TRAINING,sto-home-objectDect/images/1321.jpg,window,0.5944919278252612,0.5308641975308642,,,0.6894586894586895,0.6666666666666666,,
TRAINING,sto-home-objectDect/images/1321.jpg,window,0.8110161443494777,0.5267489711934157,,,0.8917378917378918,0.6532921810699589,,
TRAINING,sto-home-objectDect/images/1321.jpg,window,0.1120607787274454,0.772633744855967,,,0.20797720797720798,0.9125514403292181,,
TRAINING,sto-home-objectDect/images/1321.jpg,window,0.34947768281101615,0.7654320987654321,,,0.45109211775878444,0.8981481481481481,,
TRAINING,sto-home-objectDect/images/1321.jpg,window,0.5982905982905983,0.7520576131687243,,,0.691358024691358,0.8858024691358025,,
TRAINING,sto-home-objectDect/images/1321.jpg,window,0.8100664767331434,0.7407407407407407,,,0.8936372269705603,0.8713991769547325,,
TRAINING,sto-home-objectDect/images/1283.jpg,window,0.04555808656036447,0.13793103448275862,,,0.20273348519362186,0.26108374384236455,,
VALIDATION,sto-home-objectDect/images/1283.jpg,window,0.3804100227790433,0.13957307060755336,,,0.5740318906605922,0.2594417077175698,,
VALIDATION,sto-home-objectDect/images/1283.jpg,window,0.0387243735763098,0.40229885057471265,,,0.20045558086560364,0.5205254515599343,,
TEST,sto-home-objectDect/images/1283.jpg,window,0.37813211845102507,0.40229885057471265,,,0.5649202733485194,0.5188834154351396,,
TRAINING,sto-home-objectDect/images/1283.jpg,window,0.0387243735763098,0.6584564860426929,,,0.20045558086560364,0.7783251231527094,,
TRAINING,sto-home-objectDect/images/1283.jpg,window,0.37813211845102507,0.6535303776683087,,,0.5671981776765376,0.7783251231527094,,
TRAINING,sto-home-objectDect/images/1283.jpg,window,0.0387243735763098,0.9014778325123153,,,0.19362186788154898,0.986863711001642,,
TRAINING,sto-home-objectDect/images/1320.jpg,window,0.138255033557047,0.03426791277258567,,,0.2523489932885906,0.21651090342679127,,
TRAINING,sto-home-objectDect/images/1320.jpg,window,0.42416107382550333,0.020249221183800622,,,0.5704697986577181,0.19626168224299065,,
TRAINING,sto-home-objectDect/images/1320.jpg,window,0.7342281879194631,0.037383177570093455,,,0.8469798657718121,0.2087227414330218,,
TRAINING,sto-home-objectDect/images/1320.jpg,window,0.138255033557047,0.3302180685358255,,,0.2483221476510067,0.5062305295950156,,
VALIDATION,sto-home-objectDect/images/1320.jpg,window,0.4214765100671141,0.3177570093457944,,,0.5664429530201343,0.4968847352024922,,
VALIDATION,sto-home-objectDect/images/1320.jpg,window,0.7328859060402685,0.32866043613707163,,,0.8416107382550335,0.5077881619937694,,
TEST,sto-home-objectDect/images/1320.jpg,window,0.13557046979865772,0.6246105919003115,,,0.25100671140939596,0.8037383177570093,,
TRAINING,sto-home-objectDect/images/1320.jpg,window,0.436241610738255,0.6152647975077882,,,0.5570469798657718,0.7990654205607477,,
TRAINING,sto-home-objectDect/images/1320.jpg,window,0.7342281879194631,0.618380062305296,,,0.8416107382550335,0.8021806853582555,,
TRAINING,sto-home-objectDect/images/1320.jpg,window,0.15302013422818792,0.8987538940809969,,,0.23221476510067113,0.9875389408099688,,
TRAINING,sto-home-objectDect/images/1320.jpg,window,0.47651006711409394,0.8987538940809969,,,0.5651006711409396,0.9454828660436138,,
TRAINING,sto-home-objectDect/images/1311.jpg,window,0.3858974358974359,0.08620689655172414,,,0.5051282051282051,0.19278996865203762,,
TRAINING,sto-home-objectDect/images/1311.jpg,window,0.5641025641025641,0.08934169278996865,,,0.6166666666666667,0.19435736677115986,,
TRAINING,sto-home-objectDect/images/1311.jpg,window,0.6961538461538461,0.09404388714733543,,,0.8141025641025641,0.24608150470219436,,
VALIDATION,sto-home-objectDect/images/1311.jpg,window,0.3871794871794872,0.4200626959247649,,,0.5076923076923077,0.5282131661442007,,
VALIDATION,sto-home-objectDect/images/1311.jpg,window,0.5692307692307692,0.4216300940438871,,,0.617948717948718,0.5313479623824452,,
TEST,sto-home-objectDect/images/1311.jpg,window,0.6935897435897436,0.4231974921630094,,,0.8153846153846154,0.5783699059561128,,
TRAINING,sto-home-objectDect/images/1311.jpg,window,0.9397435897435897,0.0987460815047022,,,1.0,0.6269592476489029,,
TRAINING,sto-home-objectDect/images/1265.jpg,window,0.3242009132420091,0.21014084507042252,,,0.4353120243531202,0.3425352112676056,,
TRAINING,sto-home-objectDect/images/1265.jpg,window,0.5578386605783866,0.20788732394366197,,,0.665144596651446,0.3385915492957747,,
TRAINING,sto-home-objectDect/images/1265.jpg,window,0.0974124809741248,0.40619718309859154,,,0.2085235920852359,0.535774647887324,,
TRAINING,sto-home-objectDect/images/1265.jpg,window,0.3272450532724505,0.40732394366197183,,,0.4398782343987823,0.5369014084507042,,
TRAINING,sto-home-objectDect/images/1265.jpg,window,0.5540334855403348,0.4,,,0.6704718417047184,0.535774647887324,,
TRAINING,sto-home-objectDect/images/1265.jpg,window,0.7808219178082192,0.4,,,0.8919330289193302,0.5250704225352113,,
VALIDATION,sto-home-objectDect/images/1265.jpg,window,0.0974124809741248,0.607887323943662,,,0.20624048706240486,0.7402816901408451,,
VALIDATION,sto-home-objectDect/images/1265.jpg,window,0.1156773211567732,0.7988732394366197,,,0.1933028919330289,0.847887323943662,,
TEST,sto-home-objectDect/images/1265.jpg,window,0.3226788432267884,0.6067605633802817,,,0.4353120243531202,0.7391549295774648,,
TRAINING,sto-home-objectDect/images/1265.jpg,window,0.5555555555555556,0.6067605633802817,,,0.665144596651446,0.7340845070422535,,
TRAINING,sto-home-objectDect/images/1265.jpg,window,0.784627092846271,0.6033802816901408,,,0.8972602739726028,0.7329577464788732,,
TRAINING,sto-home-objectDect/images/1265.jpg,window,0.7960426179604262,0.8174647887323944,,,0.8668188736681888,0.8574647887323944,,
TRAINING,sto-home-objectDect/images/1265.jpg,door,0.3188736681887367,0.819718309859155,,,0.4368340943683409,0.9436619718309859,,
TRAINING,sto-home-objectDect/images/1265.jpg,door,0.5395738203957382,0.8061971830985916,,,0.680365296803653,0.9323943661971831,,
TRAINING,sto-home-objectDect/images/1264.jpg,window,0.10556257901390645,0.0680672268907563,,,0.21871049304677623,0.2991596638655462,,
TRAINING,sto-home-objectDect/images/1264.jpg,window,0.10366624525916561,0.4226890756302521,,,0.21807838179519595,0.6714285714285714,,
VALIDATION,sto-home-objectDect/images/1264.jpg,window,0.11820480404551201,0.807563025210084,,,0.202275600505689,0.8966386554621849,,
VALIDATION,sto-home-objectDect/images/1264.jpg,window,0.4949431099873578,0.06302521008403361,,,0.6201011378002529,0.3100840336134454,,
TEST,sto-home-objectDect/images/1264.jpg,window,0.7370417193426043,0.0680672268907563,,,0.8672566371681416,0.31176470588235294,,
TRAINING,sto-home-objectDect/images/1264.jpg,window,0.7402022756005057,0.44873949579831934,,,0.8640960809102401,0.6907563025210084,,
TRAINING,sto-home-objectDect/images/1264.jpg,window,0.6150442477876106,0.45210084033613446,,,0.6675094816687737,0.5563025210084034,,
TRAINING,sto-home-objectDect/images/1264.jpg,door,0.4829329962073325,0.4512605042016807,,,0.5878634639696586,0.7756302521008404,,
TRAINING,sto-home-objectDect/images/1312.jpg,window,0.0,0.0963302752293578,,,0.06125,0.636085626911315,,
TRAINING,sto-home-objectDect/images/1312.jpg,window,0.1825,0.09174311926605505,,,0.30125,0.24464831804281345,,
TRAINING,sto-home-objectDect/images/1312.jpg,window,0.38375,0.09480122324159021,,,0.4325,0.191131498470948,,
TRAINING,sto-home-objectDect/images/1312.jpg,window,0.49125,0.09174311926605505,,,0.615,0.191131498470948,,
VALIDATION,sto-home-objectDect/images/1312.jpg,window,0.1825,0.42507645259938837,,,0.30375,0.5825688073394495,,
VALIDATION,sto-home-objectDect/images/1312.jpg,window,0.38375,0.42660550458715596,,,0.43375,0.5259938837920489,,
TEST,sto-home-objectDect/images/1312.jpg,window,0.4925,0.42813455657492355,,,0.60875,0.5275229357798165,,
TRAINING,sto-home-objectDect/images/1312.jpg,door,0.0025,0.7293577981651376,,,0.08875,0.9831804281345565,,
TRAINING,sto-home-objectDect/images/1887.jpg,window,0.11010682004930156,0.0745793542519327,,,0.48890714872637636,0.15870850386539337,,
TRAINING,sto-home-objectDect/images/1887.jpg,window,0.1076417419884963,0.28240109140518416,,,0.49548069022185703,0.37562528422010005,,
TRAINING,sto-home-objectDect/images/1887.jpg,window,0.11503697617091208,0.5038653933606184,,,0.5036976170912079,0.6189176898590268,,
TRAINING,sto-home-objectDect/images/1887.jpg,window,0.6877567789646672,0.165075034106412,,,0.8693508627773213,0.2773988176443838,,
TRAINING,sto-home-objectDect/images/1887.jpg,window,0.6918652423993427,0.385175079581628,,,0.8709942481511914,0.506593906321055,,
TRAINING,sto-home-objectDect/images/1887.jpg,window,0.6877567789646672,0.613005911778081,,,0.8644207066557108,0.7316962255570714,,
VALIDATION,sto-home-objectDect/images/1887.jpg,door,0.7165160230073953,0.8258299226921327,,,0.8512736236647493,0.992269213278763,,
VALIDATION,sto-home-objectDect/images/1313.jpg,window,0.2221018418201517,0.28375451263537904,,,0.376489707475623,0.46137184115523466,,
TEST,sto-home-objectDect/images/1313.jpg,window,0.21830985915492956,0.6678700361010831,,,0.3754062838569881,0.8418772563176895,,
TRAINING,sto-home-objectDect/images/2183.jpg,window,0.0012987012987012987,0.153921568627451,,,0.1445887445887446,0.24509803921568626,,
TRAINING,sto-home-objectDect/images/2183.jpg,window,0.19567099567099566,0.15098039215686274,,,0.3943722943722944,0.2725490196078431,,
TRAINING,sto-home-objectDect/images/2183.jpg,window,0.44415584415584414,0.15784313725490196,,,0.5502164502164503,0.24803921568627452,,
TRAINING,sto-home-objectDect/images/2183.jpg,window,0.6012987012987013,0.15588235294117647,,,0.8034632034632034,0.27156862745098037,,
TRAINING,sto-home-objectDect/images/2183.jpg,window,0.8510822510822511,0.15,,,0.9939393939393939,0.24901960784313726,,
TRAINING,sto-home-objectDect/images/2183.jpg,window,0.0025974025974025974,0.40784313725490196,,,0.14632034632034632,0.5049019607843137,,
TRAINING,sto-home-objectDect/images/2183.jpg,window,0.19783549783549784,0.4107843137254902,,,0.3939393939393939,0.5225490196078432,,
VALIDATION,sto-home-objectDect/images/2183.jpg,window,0.44632034632034634,0.41274509803921566,,,0.5515151515151515,0.5029411764705882,,
VALIDATION,sto-home-objectDect/images/2183.jpg,window,0.6017316017316018,0.4117647058823529,,,0.8008658008658008,0.5245098039215687,,
TEST,sto-home-objectDect/images/2183.jpg,window,0.8528138528138528,0.40784313725490196,,,0.9904761904761905,0.5009803921568627,,
TRAINING,sto-home-objectDect/images/2183.jpg,window,0.29393939393939394,0.6627450980392157,,,0.3961038961038961,0.7558823529411764,,
TRAINING,sto-home-objectDect/images/2183.jpg,window,0.6034632034632035,0.6637254901960784,,,0.8012987012987013,0.7323529411764705,,
TRAINING,sto-home-objectDect/images/2183.jpg,window,0.8515151515151516,0.6617647058823529,,,0.9917748917748918,0.7568627450980392,,
TRAINING,sto-home-objectDect/images/2183.jpg,door,0.4484848484848485,0.6529411764705882,,,0.5489177489177489,0.8450980392156863,,
TRAINING,sto-home-objectDect/images/1317.jpg,window,0.15179606025492468,0.15948275862068967,,,0.27578215527230593,0.33728448275862066,,
TRAINING,sto-home-objectDect/images/1317.jpg,window,0.3904982618771727,0.003232758620689655,,,0.5886442641946698,0.07543103448275862,,
TRAINING,sto-home-objectDect/images/1317.jpg,window,0.3951332560834299,0.16379310344827586,,,0.593279258400927,0.3426724137931034,,
VALIDATION,sto-home-objectDect/images/1317.jpg,window,0.7207415990730012,0.16056034482758622,,,0.8400926998841252,0.3459051724137931,,
VALIDATION,sto-home-objectDect/images/1317.jpg,window,0.16917728852838934,0.4375,,,0.2665121668597914,0.6002155172413793,,
TEST,sto-home-objectDect/images/1317.jpg,window,0.4101969872537659,0.4364224137931034,,,0.5851680185399768,0.6023706896551724,,
TRAINING,sto-home-objectDect/images/1317.jpg,window,0.7334878331402086,0.4375,,,0.8261877172653534,0.5980603448275862,,
TRAINING,sto-home-objectDect/images/1317.jpg,window,0.15990730011587487,0.7144396551724138,,,0.2653534183082271,0.8868534482758621,,
TRAINING,sto-home-objectDect/images/1317.jpg,window,0.3951332560834299,0.71875,,,0.5955967555040557,0.8836206896551724,,
TRAINING,sto-home-objectDect/images/1317.jpg,window,0.727694090382387,0.7079741379310345,,,0.8400926998841252,0.8922413793103449,,
TRAINING,sto-home-objectDect/images/1276.jpg,window,0.03951890034364261,0.05106382978723404,,,0.22852233676975944,0.14893617021276595,,
TRAINING,sto-home-objectDect/images/1276.jpg,window,0.03951890034364261,0.2957446808510638,,,0.23024054982817868,0.4021276595744681,,
TRAINING,sto-home-objectDect/images/1276.jpg,window,0.03951890034364261,0.5319148936170213,,,0.23024054982817868,0.648936170212766,,
VALIDATION,sto-home-objectDect/images/1276.jpg,window,0.03608247422680412,0.7680851063829788,,,0.22852233676975944,0.8765957446808511,,
VALIDATION,sto-home-objectDect/images/1276.jpg,window,0.3024054982817869,0.0574468085106383,,,0.3900343642611684,0.18085106382978725,,
TEST,sto-home-objectDect/images/1276.jpg,window,0.3024054982817869,0.2957446808510638,,,0.38831615120274915,0.41914893617021276,,
TRAINING,sto-home-objectDect/images/1276.jpg,window,0.3024054982817869,0.5297872340425532,,,0.3900343642611684,0.6595744680851063,,
TRAINING,sto-home-objectDect/images/1276.jpg,window,0.3006872852233677,0.7702127659574468,,,0.3865979381443299,0.8914893617021277,,
TRAINING,sto-home-objectDect/images/1276.jpg,window,0.5051546391752577,0.06170212765957447,,,0.5893470790378007,0.1829787234042553,,
TRAINING,sto-home-objectDect/images/1276.jpg,window,0.5034364261168385,0.2978723404255319,,,0.5893470790378007,0.42340425531914894,,
TRAINING,sto-home-objectDect/images/1276.jpg,window,0.5051546391752577,0.5361702127659574,,,0.5859106529209622,0.6595744680851063,,
TRAINING,sto-home-objectDect/images/1276.jpg,window,0.5,0.7702127659574468,,,0.5876288659793815,0.8914893617021277,,
TRAINING,sto-home-objectDect/images/1276.jpg,window,0.9140893470790378,0.06382978723404255,,,1.0,0.18085106382978725,,
VALIDATION,sto-home-objectDect/images/1276.jpg,window,0.9140893470790378,0.3,,,1.0,0.42127659574468085,,
VALIDATION,sto-home-objectDect/images/1276.jpg,window,0.9140893470790378,0.5404255319148936,,,1.0,0.6638297872340425,,
TEST,sto-home-objectDect/images/1276.jpg,window,0.9175257731958762,0.776595744680851,,,1.0,0.8978723404255319,,
TRAINING,sto-home-objectDect/images/1289.jpg,window,0.3498452012383901,0.13976164680390032,,,0.653250773993808,0.2210184182015168,,
TRAINING,sto-home-objectDect/images/1289.jpg,window,0.34365325077399383,0.40411700975081255,,,0.6563467492260062,0.504875406283857,,
TRAINING,sto-home-objectDect/images/1289.jpg,window,0.34055727554179566,0.6619718309859155,,,0.6470588235294118,0.7973997833152763,,
TRAINING,sto-home-objectDect/images/1289.jpg,window,0.3653250773993808,0.9100758396533044,,,0.6006191950464397,0.9826652221018418,,
TRAINING,sto-home-objectDect/images/1882.jpg,window,0.08820709491850431,0.04839910647803425,,,0.16490891658676893,0.16827997021593447,,
TRAINING,sto-home-objectDect/images/1882.jpg,window,0.21860019175455417,0.05361131794489948,,,0.29242569511025884,0.16008935219657483,,
TRAINING,sto-home-objectDect/images/1882.jpg,window,0.42377756471716205,0.03648548026805659,,,0.4899328859060403,0.14892032762472077,,
VALIDATION,sto-home-objectDect/images/1882.jpg,window,0.5043144774688398,0.040208488458674606,,,0.5656759348034516,0.14743112434847358,,
VALIDATION,sto-home-objectDect/images/1882.jpg,window,0.6970278044103547,0.04988830975428146,,,0.7679769894534996,0.16083395383469842,,
TEST,sto-home-objectDect/images/1882.jpg,window,0.8264621284755513,0.04988830975428146,,,0.900287631831256,0.16083395383469842,,
TRAINING,sto-home-objectDect/images/1882.jpg,window,0.08820709491850431,0.2673119880863738,,,0.1601150527325024,0.3842144452717796,,
TRAINING,sto-home-objectDect/images/1882.jpg,window,0.2214765100671141,0.2673119880863738,,,0.2914669223394056,0.3827252419955324,,
TRAINING,sto-home-objectDect/images/1882.jpg,window,0.42377756471716205,0.25539836187639614,,,0.4851390220517737,0.37453462397617276,,
TRAINING,sto-home-objectDect/images/1882.jpg,window,0.50143815915628,0.2568875651526433,,,0.5599232981783318,0.37527922561429633,,
TRAINING,sto-home-objectDect/images/1882.jpg,window,0.7018216682646213,0.268801191362621,,,0.7689357622243528,0.3812360387192852,,
TRAINING,sto-home-objectDect/images/1882.jpg,window,0.8293384467881112,0.2665673864482502,,,0.8974113135186961,0.3849590469099032,,
TRAINING,sto-home-objectDect/images/1882.jpg,window,0.09300095877277086,0.4951600893521966,,,0.1601150527325024,0.6068503350707372,,
VALIDATION,sto-home-objectDect/images/1882.jpg,window,0.2214765100671141,0.49441548771407295,,,0.2914669223394056,0.6068503350707372,,
VALIDATION,sto-home-objectDect/images/1882.jpg,window,0.42857142857142855,0.4854802680565897,,,0.4851390220517737,0.6046165301563663,,
TEST,sto-home-objectDect/images/1882.jpg,window,0.5062320230105465,0.4854802680565897,,,0.5599232981783318,0.5994043186895012,,
TRAINING,sto-home-objectDect/images/1882.jpg,window,0.697986577181208,0.49069247952345496,,,0.7593480345158198,0.6053611317944899,,
TRAINING,sto-home-objectDect/images/1882.jpg,window,0.8264621284755513,0.4892032762472077,,,0.8859060402684564,0.6053611317944899,,
TRAINING,sto-home-objectDect/images/1882.jpg,window,0.07957813998082454,0.827252419955324,,,0.3326941514860978,0.9702159344750558,,
TRAINING,sto-home-objectDect/images/1882.jpg,window,0.36433365292425696,0.8235294117647058,,,0.6308724832214765,0.9679821295606851,,
TRAINING,sto-home-objectDect/images/1882.jpg,window,0.6538830297219559,0.8257632166790767,,,0.9079578139980825,0.9664929262844378,,
TRAINING,sto-home-objectDect/images/2184.jpg,window,0.5543916196615633,0.2555366269165247,,,0.7639000805801772,0.42248722316865417,,
TRAINING,sto-home-objectDect/images/2184.jpg,window,0.5487510072522159,0.6695059625212947,,,0.75825946817083,0.8347529812606473,,
VALIDATION,sto-home-objectDect/images/2184.jpg,window,0.0,0.6695059625212947,,,0.31023368251410155,0.8364565587734242,,
VALIDATION,sto-home-objectDect/images/2184.jpg,window,0.0,0.2555366269165247,,,0.314262691377921,0.43100511073253833,,
TEST,sto-home-objectDect/images/1881.jpg,window,0.4497854077253219,0.06949152542372881,,,0.5339055793991416,0.1576271186440678,,
TRAINING,sto-home-objectDect/images/1881.jpg,window,0.0463519313304721,0.25254237288135595,,,0.151931330472103,0.373728813559322,,
TRAINING,sto-home-objectDect/images/1881.jpg,window,0.23776824034334765,0.2483050847457627,,,0.351931330472103,0.3728813559322034,,
TRAINING,sto-home-objectDect/images/1881.jpg,window,0.4412017167381974,0.24322033898305084,,,0.5562231759656653,0.3728813559322034,,
TRAINING,sto-home-objectDect/images/1881.jpg,window,0.6463519313304721,0.24915254237288137,,,0.7536480686695279,0.3728813559322034,,
TRAINING,sto-home-objectDect/images/1881.jpg,window,0.8429184549356223,0.25169491525423726,,,0.9510729613733906,0.3677966101694915,,
TRAINING,sto-home-objectDect/images/1881.jpg,window,0.8446351931330472,0.45508474576271185,,,0.9545064377682403,0.6067796610169491,,
TRAINING,sto-home-objectDect/images/1881.jpg,window,0.6420600858369099,0.4533898305084746,,,0.7587982832618025,0.6050847457627119,,
VALIDATION,sto-home-objectDect/images/1881.jpg,window,0.44635193133047213,0.45,,,0.5390557939914163,0.5855932203389831,,
VALIDATION,sto-home-objectDect/images/1881.jpg,window,0.4,0.4610169491525424,,,0.4274678111587983,0.5847457627118644,,
TEST,sto-home-objectDect/images/1881.jpg,window,0.5553648068669528,0.46440677966101696,,,0.5862660944206008,0.5872881355932204,,
TRAINING,sto-home-objectDect/images/1881.jpg,window,0.2463519313304721,0.46440677966101696,,,0.34334763948497854,0.6050847457627119,,
TRAINING,sto-home-objectDect/images/1881.jpg,window,0.048068669527897,0.4661016949152542,,,0.1424892703862661,0.6033898305084746,,
TRAINING,sto-home-objectDect/images/1881.jpg,window,0.2017167381974249,0.7584745762711864,,,0.42660944206008583,0.9669491525423729,,
TRAINING,sto-home-objectDect/images/1881.jpg,window,0.45236051502145924,0.7593220338983051,,,0.6755364806866953,0.961864406779661,,
TRAINING,sto-home-objectDect/images/1881.jpg,window,0.7064377682403433,0.761864406779661,,,0.9227467811158798,0.9576271186440678,,
TRAINING,sto-home-objectDect/images/1881.jpg,door,0.06781115879828326,0.7906779661016949,,,0.13218884120171673,0.9779661016949153,,
TRAINING,sto-home-objectDect/images/1170.jpg,window,0.28295549958018473,0.21052631578947367,,,0.40302267002518893,0.36568694463431306,,
VALIDATION,sto-home-objectDect/images/1170.jpg,window,0.5910999160369438,0.21257689678742311,,,0.7162048698572628,0.3643198906356801,,
VALIDATION,sto-home-objectDect/images/1170.jpg,window,0.12678421494542402,0.43267259056732743,,,0.24685138539042822,0.5885167464114832,,
TEST,sto-home-objectDect/images/1170.jpg,window,0.434928631402183,0.43677375256322626,,,0.5566750629722922,0.5919343814080656,,
TRAINING,sto-home-objectDect/images/1170.jpg,window,0.746431570109152,0.4354066985645933,,,0.8740554156171285,0.5946684894053315,,
TRAINING,sto-home-objectDect/images/1170.jpg,window,0.11922753988245172,0.6630211893369788,,,0.2510495382031906,0.8427887901572112,,
TRAINING,sto-home-objectDect/images/1170.jpg,window,0.7388748950461796,0.6691729323308271,,,0.8723761544920235,0.8489405331510594,,
TRAINING,sto-home-objectDect/images/1170.jpg,door,0.4290512174643157,0.6664388243335612,,,0.5608732157850546,0.8885850991114149,,
TRAINING,sto-home-objectDect/images/2068.jpg,window,0.4666666666666667,0.08177905308464849,,,0.5364341085271318,0.19225251076040173,,
TRAINING,sto-home-objectDect/images/2068.jpg,window,0.24651162790697675,0.2783357245337159,,,0.3147286821705426,0.3916786226685796,,
TRAINING,sto-home-objectDect/images/2068.jpg,window,0.46511627906976744,0.2797704447632712,,,0.5333333333333333,0.3902439024390244,,
VALIDATION,sto-home-objectDect/images/2068.jpg,window,0.6837209302325581,0.28263988522238165,,,0.7472868217054264,0.3902439024390244,,
VALIDATION,sto-home-objectDect/images/2068.jpg,window,0.3085271317829457,0.4921090387374462,,,0.37829457364341085,0.5581061692969871,,
TEST,sto-home-objectDect/images/2068.jpg,window,0.4635658914728682,0.4921090387374462,,,0.5302325581395348,0.5581061692969871,,
TRAINING,sto-home-objectDect/images/2068.jpg,window,0.6868217054263566,0.4763271162123386,,,0.7565891472868217,0.6585365853658537,,
TRAINING,sto-home-objectDect/images/2068.jpg,window,0.3085271317829457,0.697274031563845,,,0.37829457364341085,0.7675753228120517,,
TRAINING,sto-home-objectDect/images/2068.jpg,window,0.462015503875969,0.7015781922525107,,,0.5302325581395348,0.7747489239598279,,
TRAINING,sto-home-objectDect/images/2068.jpg,window,0.6883720930232559,0.6857962697274032,,,0.7565891472868217,0.8694404591104734,,
TRAINING,sto-home-objectDect/images/1165.jpg,window,0.06695278969957082,0.07702702702702703,,,0.13304721030042918,0.13783783783783785,,
TRAINING,sto-home-objectDect/images/1165.jpg,window,0.06609442060085836,0.25405405405405407,,,0.13218884120171673,0.3256756756756757,,
TRAINING,sto-home-objectDect/images/1165.jpg,window,0.06523605150214593,0.43513513513513513,,,0.13218884120171673,0.5135135135135135,,
VALIDATION,sto-home-objectDect/images/1165.jpg,window,0.06437768240343347,0.6081081081081081,,,0.12875536480686695,0.7,,
VALIDATION,sto-home-objectDect/images/1165.jpg,window,0.061802575107296136,0.7837837837837838,,,0.12532188841201716,0.8891891891891892,,
TEST,sto-home-objectDect/images/1165.jpg,window,0.22746781115879827,0.06756756756756757,,,0.271244635193133,0.15675675675675677,,
TRAINING,sto-home-objectDect/images/1165.jpg,window,0.22746781115879827,0.2472972972972973,,,0.271244635193133,0.33378378378378376,,
TRAINING,sto-home-objectDect/images/1165.jpg,window,0.22660944206008585,0.42702702702702705,,,0.26952789699570817,0.5108108108108108,,
TRAINING,sto-home-objectDect/images/1165.jpg,window,0.2240343347639485,0.6054054054054054,,,0.26952789699570817,0.6851351351351351,,
TRAINING,sto-home-objectDect/images/1165.jpg,window,0.2223175965665236,0.7810810810810811,,,0.26609442060085836,0.8662162162162163,,
TRAINING,sto-home-objectDect/images/1165.jpg,window,0.3218884120171674,0.07162162162162163,,,0.38369098712446353,0.15675675675675677,,
TRAINING,sto-home-objectDect/images/1165.jpg,window,0.32103004291845494,0.24594594594594596,,,0.384549356223176,0.3364864864864865,,
TRAINING,sto-home-objectDect/images/1165.jpg,window,0.31931330472103003,0.4189189189189189,,,0.38369098712446353,0.5067567567567568,,
VALIDATION,sto-home-objectDect/images/1165.jpg,window,0.31931330472103003,0.6013513513513513,,,0.38369098712446353,0.6824324324324325,,
VALIDATION,sto-home-objectDect/images/1165.jpg,window,0.31673819742489273,0.7810810810810811,,,0.37939914163090127,0.8648648648648649,,
TEST,sto-home-objectDect/images/1165.jpg,window,0.4515021459227468,0.07162162162162163,,,0.5124463519313305,0.1554054054054054,,
TRAINING,sto-home-objectDect/images/1165.jpg,window,0.44892703862660943,0.24864864864864866,,,0.511587982832618,0.33378378378378376,,
TRAINING,sto-home-objectDect/images/1165.jpg,window,0.448068669527897,0.4243243243243243,,,0.5107296137339056,0.5067567567567568,,
TRAINING,sto-home-objectDect/images/1165.jpg,window,0.44635193133047213,0.5986486486486486,,,0.5124463519313305,0.6810810810810811,,
TRAINING,sto-home-objectDect/images/1165.jpg,window,0.44635193133047213,0.7810810810810811,,,0.5098712446351932,0.8635135135135135,,
TRAINING,sto-home-objectDect/images/1165.jpg,window,0.5785407725321888,0.2445945945945946,,,0.6429184549356223,0.32972972972972975,,
TRAINING,sto-home-objectDect/images/1165.jpg,window,0.5785407725321888,0.4243243243243243,,,0.6394849785407726,0.5067567567567568,,
TRAINING,sto-home-objectDect/images/1165.jpg,window,0.5768240343347639,0.6013513513513513,,,0.6360515021459228,0.6878378378378378,,
VALIDATION,sto-home-objectDect/images/1165.jpg,window,0.5742489270386266,0.7783783783783784,,,0.6386266094420601,0.8581081081081081,,
VALIDATION,sto-home-objectDect/images/1165.jpg,window,0.6944206008583691,0.24324324324324326,,,0.736480686695279,0.3364864864864865,,
TEST,sto-home-objectDect/images/1165.jpg,window,0.6918454935622318,0.42027027027027025,,,0.7373390557939914,0.5148648648648648,,
TRAINING,sto-home-objectDect/images/1165.jpg,window,0.6935622317596567,0.6027027027027027,,,0.7339055793991416,0.6891891891891891,,
TRAINING,sto-home-objectDect/images/1165.jpg,window,0.8326180257510729,0.2472972972972973,,,0.8927038626609443,0.3216216216216216,,
TRAINING,sto-home-objectDect/images/1165.jpg,window,0.8334763948497854,0.4297297297297297,,,0.8884120171673819,0.5094594594594595,,
TRAINING,sto-home-objectDect/images/1165.jpg,window,0.8274678111587983,0.6013513513513513,,,0.8892703862660944,0.6972972972972973,,
TRAINING,sto-home-objectDect/images/1171.jpg,window,0.3126934984520124,0.206286836935167,,,0.42208462332301344,0.3713163064833006,,
TRAINING,sto-home-objectDect/images/1171.jpg,window,0.5779153766769866,0.20726915520628683,,,0.6904024767801857,0.3703339882121807,,
TRAINING,sto-home-objectDect/images/1171.jpg,window,0.11867905056759546,0.4381139489194499,,,0.2301341589267286,0.6041257367387033,,
VALIDATION,sto-home-objectDect/images/1171.jpg,window,0.3157894736842105,0.4351669941060904,,,0.42518059855521156,0.6041257367387033,,
VALIDATION,sto-home-objectDect/images/1171.jpg,window,0.5768833849329206,0.4400785854616896,,,0.6873065015479877,0.5992141453831041,,
TEST,sto-home-objectDect/images/1171.jpg,window,0.7791537667698658,0.4381139489194499,,,0.8895768833849329,0.600196463654224,,
TRAINING,sto-home-objectDect/images/1171.jpg,window,0.31166150670794635,0.6768172888015717,,,0.4282765737874097,0.8585461689587426,,
TRAINING,sto-home-objectDect/images/1171.jpg,window,0.5737874097007224,0.6777996070726916,,,0.695562435500516,0.8546168958742633,,
TRAINING,sto-home-objectDect/images/1171.jpg,window,0.7750257997936016,0.6738703339882122,,,0.890608875128999,0.8526522593320236,,
TRAINING,sto-home-objectDect/images/1373.jpg,window,0.43389830508474575,0.12797619047619047,,,0.5677966101694916,0.29836309523809523,,
TRAINING,sto-home-objectDect/images/1373.jpg,window,0.19576271186440677,0.4330357142857143,,,0.3305084745762712,0.6078869047619048,,
TRAINING,sto-home-objectDect/images/1373.jpg,window,0.673728813559322,0.43898809523809523,,,0.8033898305084746,0.6041666666666666,,
TRAINING,sto-home-objectDect/images/1373.jpg,window,0.20508474576271185,0.7373511904761905,,,0.31864406779661014,0.7953869047619048,,
VALIDATION,sto-home-objectDect/images/1373.jpg,window,0.6805084745762712,0.7366071428571429,,,0.8398305084745763,0.8273809523809523,,
VALIDATION,sto-home-objectDect/images/156.jpg,window,0.18141197497765862,0.24345146379044685,,,0.2707774798927614,0.3266563944530046,,
TEST,sto-home-objectDect/images/156.jpg,window,0.4387846291331546,0.24036979969183359,,,0.5352993744414656,0.3189522342064715,,
TRAINING,sto-home-objectDect/images/156.jpg,window,0.709562109025916,0.23112480739599384,,,0.8132260947274352,0.3120184899845917,,
TRAINING,sto-home-objectDect/images/156.jpg,window,0.15996425379803395,0.4206471494607088,,,0.26988382484361034,0.559322033898305,,
TRAINING,sto-home-objectDect/images/156.jpg,window,0.15192135835567472,0.6394453004622496,,,0.2725647899910634,0.8097072419106317,,
TRAINING,sto-home-objectDect/images/156.jpg,window,0.7024128686327078,0.45993836671802774,,,0.7980339588918678,0.536979969183359,,
TRAINING,sto-home-objectDect/images/156.jpg,window,0.6809651474530831,0.6471494607087828,,,0.8203753351206434,0.726502311248074,,
TRAINING,sto-home-objectDect/images/154.jpg,window,0.17372262773722627,0.4720101781170484,,,0.2613138686131387,0.55470737913486,,
TRAINING,sto-home-objectDect/images/154.jpg,window,0.15036496350364964,0.6526717557251909,,,0.2832116788321168,0.7366412213740458,,
VALIDATION,sto-home-objectDect/images/154.jpg,window,0.18394160583941604,0.23918575063613232,,,0.2656934306569343,0.31170483460559795,,
VALIDATION,sto-home-objectDect/images/154.jpg,window,0.44525547445255476,0.22900763358778625,,,0.5299270072992701,0.30661577608142493,,
TEST,sto-home-objectDect/images/154.jpg,window,0.7182481751824817,0.22519083969465647,,,0.8087591240875912,0.30279898218829515,,
TRAINING,sto-home-objectDect/images/154.jpg,window,0.7021897810218978,0.3944020356234097,,,0.8160583941605839,0.5610687022900763,,
TRAINING,sto-home-objectDect/images/154.jpg,window,0.7051094890510949,0.6590330788804071,,,0.8145985401459854,0.8129770992366412,,
TRAINING,sto-home-objectDect/images/1615.jpg,window,0.052216748768472904,0.4258130081300813,,,0.2896551724137931,0.633130081300813,,
TRAINING,sto-home-objectDect/images/1615.jpg,window,0.5615763546798029,0.4268292682926829,,,0.8689655172413793,0.6361788617886179,,
TRAINING,sto-home-objectDect/images/1615.jpg,window,0.05517241379310345,0.8394308943089431,,,0.2817733990147783,0.983739837398374,,
TRAINING,sto-home-objectDect/images/1615.jpg,window,0.5615763546798029,0.8394308943089431,,,0.858128078817734,0.9745934959349594,,
TRAINING,sto-home-objectDect/images/1173.jpg,window,0.08740068104426787,0.1905476369092273,,,0.24290578887627695,0.3360840210052513,,
VALIDATION,sto-home-objectDect/images/1173.jpg,window,0.38024971623155507,0.18904726181545387,,,0.5459704880817253,0.3360840210052513,,
VALIDATION,sto-home-objectDect/images/1173.jpg,window,0.09534619750283768,0.4021005251312828,,,0.23609534619750283,0.5528882220555139,,
TEST,sto-home-objectDect/images/1173.jpg,window,0.3859250851305335,0.4013503375843961,,,0.5368898978433598,0.5581395348837209,,
TRAINING,sto-home-objectDect/images/1173.jpg,window,0.6901248581157775,0.4013503375843961,,,0.8388195232690124,0.5543885971492873,,
TRAINING,sto-home-objectDect/images/1173.jpg,window,0.04540295119182747,0.6204051012753188,,,0.2474460839954597,0.746436609152288,,
TRAINING,sto-home-objectDect/images/1173.jpg,window,0.6833144154370034,0.6151537884471118,,,0.8320090805902384,0.7839459864966242,,
TRAINING,sto-home-objectDect/images/1173.jpg,door,0.3847900113507378,0.6204051012753188,,,0.5380249716231555,0.8342085521380345,,
TRAINING,sto-home-objectDect/images/2057.jpg,window,0.143202416918429,0.04154863078375826,,,0.316012084592145,0.37299338999055714,,
TRAINING,sto-home-objectDect/images/2057.jpg,window,0.4610271903323263,0.07743153918791312,,,0.592749244712991,0.43248347497639283,,
TRAINING,sto-home-objectDect/images/2057.jpg,window,0.679154078549849,0.03871576959395656,,,0.8628398791540786,0.37016052880075545,,
VALIDATION,sto-home-objectDect/images/2057.jpg,window,0.13051359516616315,0.5382436260623229,,,0.3377643504531722,0.8857412653446648,,
VALIDATION,sto-home-objectDect/images/2057.jpg,window,0.6616314199395771,0.5420207743153919,,,0.879154078549849,0.882908404154863,,
TEST,sto-home-objectDect/images/2057.jpg,door,0.454380664652568,0.5609065155807366,,,0.5993957703927493,0.8517469310670444,,
TRAINING,sto-home-objectDect/images/155.jpg,window,0.12483912483912483,0.22601626016260162,,,0.22265122265122264,0.4195121951219512,,
TRAINING,sto-home-objectDect/images/155.jpg,window,0.3333333333333333,0.216260162601626,,,0.44272844272844275,0.432520325203252,,
TRAINING,sto-home-objectDect/images/155.jpg,window,0.5444015444015444,0.21951219512195122,,,0.6615186615186616,0.432520325203252,,
TRAINING,sto-home-objectDect/images/155.jpg,window,0.7567567567567568,0.216260162601626,,,0.8738738738738738,0.41788617886178864,,
TRAINING,sto-home-objectDect/images/155.jpg,window,0.1093951093951094,0.5430894308943089,,,0.22651222651222652,0.7073170731707317,,
TRAINING,sto-home-objectDect/images/155.jpg,window,0.32432432432432434,0.5479674796747968,,,0.44272844272844275,0.775609756097561,,
TRAINING,sto-home-objectDect/images/155.jpg,window,0.5405405405405406,0.551219512195122,,,0.6589446589446589,0.7739837398373983,,
VALIDATION,sto-home-objectDect/images/155.jpg,window,0.7541827541827542,0.5349593495934959,,,0.8803088803088803,0.775609756097561,,
VALIDATION,sto-home-objectDect/images/2047.jpg,window,0.2169728783902012,0.1393939393939394,,,0.33770778652668415,0.3781818181818182,,
TEST,sto-home-objectDect/images/2047.jpg,window,0.6640419947506562,0.13090909090909092,,,0.7821522309711286,0.4824242424242424,,
TRAINING,sto-home-objectDect/images/2047.jpg,window,0.657917760279965,0.5648484848484848,,,0.7882764654418197,0.8315151515151515,,
TRAINING,sto-home-objectDect/images/2047.jpg,window,0.21347331583552057,0.5636363636363636,,,0.3447069116360455,0.833939393939394,,
TRAINING,sto-home-objectDect/images/1163.jpg,window,0.06787564766839378,0.08394458027709861,,,0.12849740932642487,0.15729421352893236,,
TRAINING,sto-home-objectDect/images/1163.jpg,window,0.06683937823834196,0.26405867970660146,,,0.1300518134715026,0.3439282803585982,,
TRAINING,sto-home-objectDect/images/1163.jpg,window,0.06787564766839378,0.4400977995110024,,,0.1300518134715026,0.5248573757131214,,
TRAINING,sto-home-objectDect/images/1163.jpg,window,0.06787564766839378,0.612876935615322,,,0.1300518134715026,0.7196414017929911,,
TRAINING,sto-home-objectDect/images/1163.jpg,window,0.06683937823834196,0.7954360228198859,,,0.1300518134715026,0.8859005704971475,,
VALIDATION,sto-home-objectDect/images/1163.jpg,window,0.22590673575129533,0.08149959250203749,,,0.2709844559585492,0.16462917685411574,,
VALIDATION,sto-home-objectDect/images/1163.jpg,window,0.31917098445595854,0.08068459657701711,,,0.389119170984456,0.16381418092909536,,
TEST,sto-home-objectDect/images/1163.jpg,window,0.22590673575129533,0.2575387123064385,,,0.2683937823834197,0.34474327628361856,,
TRAINING,sto-home-objectDect/images/1163.jpg,window,0.22487046632124352,0.43683781581092096,,,0.2709844559585492,0.5175224123879381,,
TRAINING,sto-home-objectDect/images/1163.jpg,window,0.22642487046632123,0.615321923390383,,,0.2709844559585492,0.6984515077424613,,
TRAINING,sto-home-objectDect/images/1163.jpg,window,0.22590673575129533,0.7986960065199674,,,0.2709844559585492,0.8842705786471068,,
TRAINING,sto-home-objectDect/images/1163.jpg,window,0.3217616580310881,0.2616136919315403,,,0.3854922279792746,0.3463732681336593,,
TRAINING,sto-home-objectDect/images/1163.jpg,window,0.31865284974093266,0.4352078239608802,,,0.38756476683937824,0.5158924205378973,,
TRAINING,sto-home-objectDect/images/1163.jpg,window,0.32020725388601035,0.6136919315403423,,,0.3854922279792746,0.6984515077424613,,
TRAINING,sto-home-objectDect/images/1163.jpg,window,0.32020725388601035,0.7954360228198859,,,0.3870466321243523,0.8842705786471068,,
VALIDATION,sto-home-objectDect/images/1163.jpg,window,0.4481865284974093,0.25998370008149957,,,0.5160621761658031,0.34474327628361856,,
VALIDATION,sto-home-objectDect/images/1163.jpg,window,0.4481865284974093,0.4343928280358598,,,0.5160621761658031,0.5224123879380603,,
TEST,sto-home-objectDect/images/1163.jpg,window,0.4492227979274611,0.6136919315403423,,,0.5176165803108809,0.7008964955175224,,
TRAINING,sto-home-objectDect/images/1163.jpg,window,0.5777202072538861,0.2591687041564792,,,0.644559585492228,0.34881825590872045,,
TRAINING,sto-home-objectDect/images/1163.jpg,window,0.6932642487046632,0.2591687041564792,,,0.738860103626943,0.3439282803585982,,
TRAINING,sto-home-objectDect/images/1163.jpg,window,0.694300518134715,0.43683781581092096,,,0.7347150259067358,0.5207823960880196,,
TRAINING,sto-home-objectDect/images/1163.jpg,window,0.5782383419689119,0.4352078239608802,,,0.6492227979274612,0.5207823960880196,,
TRAINING,sto-home-objectDect/images/1163.jpg,window,0.5797927461139897,0.612876935615322,,,0.6481865284974093,0.7074164629176855,,
TRAINING,sto-home-objectDect/images/1163.jpg,window,0.5792746113989637,0.7986960065199674,,,0.6461139896373057,0.8842705786471068,,
TRAINING,sto-home-objectDect/images/1163.jpg,window,0.6974093264248704,0.6177669111654441,,,0.7419689119170985,0.7049714751426243,,
VALIDATION,sto-home-objectDect/images/1163.jpg,window,0.694818652849741,0.8011409942950285,,,0.7419689119170985,0.8907905460472698,,
VALIDATION,sto-home-objectDect/images/1163.jpg,window,0.8341968911917098,0.25998370008149957,,,0.8963730569948186,0.33903830480847597,,
TEST,sto-home-objectDect/images/1163.jpg,window,0.8352331606217617,0.4417277913610432,,,0.8958549222797928,0.537082314588427,,
TRAINING,sto-home-objectDect/images/1163.jpg,window,0.8352331606217617,0.6234718826405868,,,0.8979274611398964,0.7253463732681337,,
TRAINING,sto-home-objectDect/images/1163.jpg,window,0.8373056994818653,0.8027709861450693,,,0.9036269430051813,0.8964955175224124,,
TRAINING,sto-home-objectDect/images/1163.jpg,door,0.43730569948186526,0.7905460472697636,,,0.5062176165803108,0.8891605541972291,,
TRAINING,sto-home-objectDect/images/1613.jpg,window,0.7533980582524272,0.38764044943820225,,,0.9851132686084142,0.5674157303370787,,
TRAINING,sto-home-objectDect/images/1613.jpg,window,0.7533980582524272,0.7881219903691814,,,0.9941747572815534,0.8731942215088283,,
TRAINING,sto-home-objectDect/images/2045.jpg,window,0.1820418204182042,0.09617021276595744,,,0.3093480934809348,0.36340425531914894,,
TRAINING,sto-home-objectDect/images/2045.jpg,window,0.4661746617466175,0.11063829787234042,,,0.5658056580565806,0.3617021276595745,,
VALIDATION,sto-home-objectDect/images/2045.jpg,window,0.7170971709717097,0.12085106382978723,,,0.8296432964329643,0.3676595744680851,,
VALIDATION,sto-home-objectDect/images/2045.jpg,window,0.1863468634686347,0.5531914893617021,,,0.3216482164821648,0.9225531914893617,,
TEST,sto-home-objectDect/images/2045.jpg,window,0.4710947109471095,0.5514893617021277,,,0.5713407134071341,0.8280851063829787,,
TRAINING,sto-home-objectDect/images/2045.jpg,window,0.7164821648216482,0.548936170212766,,,0.8419434194341944,0.8280851063829787,,